rank,task,method,mean,sample_sd,seeds
2,aircraft,baseline,43.573975563049316,1.0143215647741928,3
2,nfcorpus,baseline,31.68499965009623,,1
2,scifact,baseline,64.6321450563457,,1
2,aircraft,lora,60.353235403696694,0.343777112430838,3
2,nfcorpus,lora,31.98106120455459,0.2323348720968906,3
2,scifact,lora,61.11964735324682,0.11229702696306419,3
2,aircraft,dora,61.069220304489136,0.18514880569415235,3
2,nfcorpus,dora,32.005916668560864,0.2055488247890495,3
2,scifact,dora,61.37510116258159,0.2506458918761305,3
2,aircraft,nora,60.34224430720011,0.3915124061890124,3
2,nfcorpus,nora,31.902315294474253,0.6458820613473059,3
2,scifact,nora,59.99422122896555,0.832973429141641,3
2,aircraft,dora_nora,60.24390856424967,0.5095099666076204,3
2,nfcorpus,dora_nora,31.921646189615593,0.5522589828967186,3
2,scifact,dora_nora,60.11782745274709,0.9565751270270276,3
2,aircraft,dora_nora_mlr,57.95424779256185,1.1000832682477384,3
2,nfcorpus,dora_nora_mlr,31.889153274763444,0.5723876449778074,3
2,scifact,dora_nora_mlr,60.14292435406007,0.8895989303949459,3
2,aircraft,dora_nora_gain,59.99495188395182,0.42647503106796414,3
2,nfcorpus,dora_nora_gain,31.868298366547883,0.5034748147418954,3
2,scifact,dora_nora_gain,60.022890617951084,0.9417647631065486,3
